Time(ms),Mode,TargetInput,ActualCommand,BlueX,BlueY,RelX,RelY,LocalX,LocalY,Angle(deg)
0,1,AUTO,STRAIGHT(NO_CTRL),425,199,0,0,0,0,-94.1
17,1,AUTO,STRAIGHT(NO_CTRL),425,199,0,0,0,0,-94.1
33,1,AUTO,STRAIGHT(NO_CTRL),425,199,0,0,0,0,-94.1
49,1,AUTO,STRAIGHT(NO_CTRL),425,199,0,0,0,0,-92
65,1,AUTO,STRAIGHT(NO_CTRL),425,199,0,0,0,0,-92
80,1,AUTO,STRAIGHT(NO_CTRL),425,199,0,0,0,0,-92
99,1,AUTO,STRAIGHT(NO_CTRL),425,199,0,0,0,0,-92
114,1,AUTO,STRAIGHT(NO_CTRL),425,199,0,0,0,0,-94.1
131,1,AUTO,STRAIGHT(NO_CTRL),425,199,0,0,0,0,-94.1
148,1,AUTO,STRAIGHT(NO_CTRL),425,199,0,0,0,0,-94.1
166,1,AUTO,STRAIGHT(NO_CTRL),425,199,0,0,0,0,-94.1
190,1,AUTO,STRAIGHT(NO_CTRL),425,200,0,1,-0.1,-1,-93.9
206,1,AUTO,STRAIGHT(NO_CTRL),425,200,0,1,-0.1,-1,-93.9
221,1,AUTO,STRAIGHT(NO_CTRL),425,200,0,1,-0.1,-1,-93.9
236,1,AUTO,STRAIGHT(NO_CTRL),425,200,0,1,-0.1,-1,-93.9
251,1,AUTO,STRAIGHT(NO_CTRL),425,200,0,1,-0.1,-1,-93.9
266,1,AUTO,STRAIGHT(NO_CTRL),425,200,0,1,-0.1,-1,-93.9
281,1,AUTO,STRAIGHT(NO_CTRL),425,200,0,1,-0.1,-1,-93.9
299,1,AUTO,STRAIGHT(NO_CTRL),425,200,0,1,-0.1,-1,-93.9
314,1,AUTO,STRAIGHT(NO_CTRL),425,200,0,1,-0.1,-1,-93.9
332,1,AUTO,STRAIGHT(NO_CTRL),425,200,0,1,-0.1,-1,-93.9
347,1,AUTO,STRAIGHT(NO_CTRL),425,200,0,1,-0.1,-1,-93.9
364,1,AUTO,STRAIGHT(NO_CTRL),425,200,0,1,-0.1,-1,-93.9
381,1,AUTO,STRAIGHT(NO_CTRL),424,200,-1,1,-1.1,-0.9,-92
398,1,AUTO,STRAIGHT(NO_CTRL),424,200,-1,1,-1.1,-0.9,-92
415,1,AUTO,STRAIGHT(NO_CTRL),424,200,-1,1,-1.1,-0.9,-92
430,1,AUTO,STRAIGHT(NO_CTRL),424,200,-1,1,-1.1,-0.9,-92
450,1,AUTO,STRAIGHT(NO_CTRL),423,200,-2,1,-2.1,-0.9,-90
465,1,AUTO,STRAIGHT(NO_CTRL),423,200,-2,1,-2.1,-0.9,-90
481,1,AUTO,STRAIGHT(NO_CTRL),423,200,-2,1,-2.1,-0.9,-90
500,1,AUTO,STRAIGHT(NO_CTRL),423,200,-2,1,-2.1,-0.9,-90
515,1,AUTO,STRAIGHT(NO_CTRL),423,201,-2,2,-2.1,-1.9,-90
531,1,AUTO,STRAIGHT(NO_CTRL),423,201,-2,2,-2.1,-1.9,-90
548,1,AUTO,STRAIGHT(NO_CTRL),423,201,-2,2,-2.1,-1.9,-90
566,1,AUTO,STRAIGHT(NO_CTRL),423,201,-2,2,-2.1,-1.9,-90
581,1,AUTO,STRAIGHT(NO_CTRL),422,201,-3,2,-3.1,-1.8,-90
598,1,AUTO,STRAIGHT(NO_CTRL),422,201,-3,2,-3.1,-1.8,-90
615,1,AUTO,STRAIGHT(NO_CTRL),422,201,-3,2,-3.1,-1.8,-90
633,1,AUTO,STRAIGHT(NO_CTRL),422,201,-3,2,-3.1,-1.8,-90
658,1,AUTO,STRAIGHT(NO_CTRL),421,201,-4,2,-4.1,-1.7,-88
675,1,AUTO,STRAIGHT(NO_CTRL),421,201,-4,2,-4.1,-1.7,-88
690,1,AUTO,STRAIGHT(NO_CTRL),421,201,-4,2,-4.1,-1.7,-88
704,1,AUTO,STRAIGHT(NO_CTRL),421,201,-4,2,-4.1,-1.7,-88
720,1,AUTO,STRAIGHT(NO_CTRL),421,202,-4,3,-4.2,-2.7,-88
736,1,AUTO,STRAIGHT(NO_CTRL),421,202,-4,3,-4.2,-2.7,-88
750,1,AUTO,STRAIGHT(NO_CTRL),421,202,-4,3,-4.2,-2.7,-88
765,1,AUTO,STRAIGHT(NO_CTRL),421,202,-4,3,-4.2,-2.7,-88
780,1,AUTO,STRAIGHT(NO_CTRL),420,202,-5,3,-5.2,-2.6,-88
798,1,AUTO,STRAIGHT(NO_CTRL),420,202,-5,3,-5.2,-2.6,-88
815,1,AUTO,STRAIGHT(NO_CTRL),420,202,-5,3,-5.2,-2.6,-88
832,1,AUTO,STRAIGHT(NO_CTRL),420,202,-5,3,-5.2,-2.6,-88
847,1,AUTO,STRAIGHT(NO_CTRL),420,202,-5,3,-5.2,-2.6,-88
865,1,AUTO,STRAIGHT(NO_CTRL),420,202,-5,3,-5.2,-2.6,-88
881,1,AUTO,STRAIGHT(NO_CTRL),420,202,-5,3,-5.2,-2.6,-88
898,1,AUTO,STRAIGHT(NO_CTRL),420,202,-5,3,-5.2,-2.6,-88
914,1,AUTO,STRAIGHT(NO_CTRL),420,202,-5,3,-5.2,-2.6,-88
931,1,AUTO,STRAIGHT(NO_CTRL),420,202,-5,3,-5.2,-2.6,-88
948,1,AUTO,STRAIGHT(NO_CTRL),420,202,-5,3,-5.2,-2.6,-88
965,1,AUTO,STRAIGHT(NO_CTRL),420,202,-5,3,-5.2,-2.6,-88
981,1,AUTO,STRAIGHT(NO_CTRL),419,203,-6,4,-6.3,-3.6,-88
998,1,AUTO,STRAIGHT(NO_CTRL),419,203,-6,4,-6.3,-3.6,-88
1015,1,AUTO,STRAIGHT(NO_CTRL),419,203,-6,4,-6.3,-3.6,-88
1032,1,AUTO,STRAIGHT(NO_CTRL),419,203,-6,4,-6.3,-3.6,-88
1048,1,AUTO,STRAIGHT(NO_CTRL),419,203,-6,4,-6.3,-3.6,-85.9
1065,1,AUTO,STRAIGHT(NO_CTRL),419,203,-6,4,-6.3,-3.6,-85.9
1080,1,AUTO,STRAIGHT(NO_CTRL),419,203,-6,4,-6.3,-3.6,-85.9
1101,1,AUTO,STRAIGHT(NO_CTRL),419,203,-6,4,-6.3,-3.6,-85.9
1124,1,AUTO,STRAIGHT(NO_CTRL),418,203,-7,4,-7.3,-3.5,-83.9
1141,1,AUTO,STRAIGHT(NO_CTRL),418,203,-7,4,-7.3,-3.5,-83.9
1157,1,AUTO,STRAIGHT(NO_CTRL),418,203,-7,4,-7.3,-3.5,-83.9
1172,1,AUTO,STRAIGHT(NO_CTRL),417,204,-8,5,-8.3,-4.4,-84.1
1187,1,AUTO,STRAIGHT(NO_CTRL),417,204,-8,5,-8.3,-4.4,-84.1
1202,1,AUTO,STRAIGHT(NO_CTRL),417,204,-8,5,-8.3,-4.4,-84.1
1217,1,AUTO,STRAIGHT(NO_CTRL),417,204,-8,5,-8.3,-4.4,-84.1
1234,1,AUTO,STRAIGHT(NO_CTRL),417,204,-8,5,-8.3,-4.4,-84.1
1248,1,AUTO,STRAIGHT(NO_CTRL),417,204,-8,5,-8.3,-4.4,-83.9
1264,1,AUTO,STRAIGHT(NO_CTRL),417,204,-8,5,-8.3,-4.4,-83.9
1282,1,AUTO,STRAIGHT(NO_CTRL),417,204,-8,5,-8.3,-4.4,-83.9
1297,1,AUTO,STRAIGHT(NO_CTRL),417,204,-8,5,-8.3,-4.4,-83.9
1315,1,AUTO,STRAIGHT(NO_CTRL),417,204,-8,5,-8.3,-4.4,-83.9
1330,1,AUTO,STRAIGHT(NO_CTRL),417,204,-8,5,-8.3,-4.4,-83.9
1348,1,AUTO,STRAIGHT(NO_CTRL),417,204,-8,5,-8.3,-4.4,-83.9
1366,1,AUTO,STRAIGHT(NO_CTRL),417,204,-8,5,-8.3,-4.4,-83.9
1381,1,AUTO,STRAIGHT(NO_CTRL),416,204,-9,5,-9.3,-4.3,-81.6
1398,1,AUTO,STRAIGHT(NO_CTRL),416,204,-9,5,-9.3,-4.3,-81.6
1415,1,AUTO,STRAIGHT(NO_CTRL),416,204,-9,5,-9.3,-4.3,-81.6
1431,1,AUTO,STRAIGHT(NO_CTRL),416,204,-9,5,-9.3,-4.3,-81.6
1448,1,AUTO,STRAIGHT(NO_CTRL),418,205,-7,6,-7.4,-5.5,-86.1
1465,1,AUTO,STRAIGHT(NO_CTRL),418,205,-7,6,-7.4,-5.5,-86.1
1482,1,AUTO,STRAIGHT(NO_CTRL),418,205,-7,6,-7.4,-5.5,-86.1
1499,1,AUTO,STRAIGHT(NO_CTRL),418,205,-7,6,-7.4,-5.5,-86.1
1514,1,AUTO,STRAIGHT(NO_CTRL),417,205,-8,6,-8.4,-5.4,-81.9
1532,1,AUTO,STRAIGHT(NO_CTRL),417,205,-8,6,-8.4,-5.4,-81.9
1549,1,AUTO,STRAIGHT(NO_CTRL),417,205,-8,6,-8.4,-5.4,-81.9
1570,1,AUTO,STRAIGHT(NO_CTRL),417,205,-8,6,-8.4,-5.4,-81.9
1593,1,AUTO,STRAIGHT(NO_CTRL),416,205,-9,6,-9.4,-5.3,-81.9
1608,1,AUTO,STRAIGHT(NO_CTRL),416,205,-9,6,-9.4,-5.3,-81.9
1623,1,AUTO,STRAIGHT(NO_CTRL),416,205,-9,6,-9.4,-5.3,-81.9
1639,1,AUTO,STRAIGHT(NO_CTRL),415,206,-10,7,-10.5,-6.3,-80.2
1654,1,AUTO,STRAIGHT(NO_CTRL),415,206,-10,7,-10.5,-6.3,-80.2
1668,1,AUTO,STRAIGHT(NO_CTRL),415,206,-10,7,-10.5,-6.3,-80.2
1683,1,AUTO,STRAIGHT(NO_CTRL),415,206,-10,7,-10.5,-6.3,-80.2
1698,1,AUTO,STRAIGHT(NO_CTRL),415,206,-10,7,-10.5,-6.3,-80.2
1714,1,AUTO,STRAIGHT(NO_CTRL),414,206,-11,7,-11.5,-6.2,-77.9
1732,1,AUTO,STRAIGHT(NO_CTRL),414,206,-11,7,-11.5,-6.2,-77.9
1748,1,AUTO,STRAIGHT(NO_CTRL),414,206,-11,7,-11.5,-6.2,-77.9
1765,1,AUTO,STRAIGHT(NO_CTRL),414,206,-11,7,-11.5,-6.2,-77.9
1781,1,AUTO,STRAIGHT(NO_CTRL),414,206,-11,7,-11.5,-6.2,-79.5
1798,1,AUTO,STRAIGHT(NO_CTRL),414,206,-11,7,-11.5,-6.2,-79.5
1814,1,AUTO,STRAIGHT(NO_CTRL),414,206,-11,7,-11.5,-6.2,-79.5
1832,1,AUTO,STRAIGHT(NO_CTRL),414,206,-11,7,-11.5,-6.2,-79.5
1848,1,AUTO,STRAIGHT(NO_CTRL),413,207,-12,8,-12.5,-7.1,-79.9
1865,1,AUTO,STRAIGHT(NO_CTRL),413,207,-12,8,-12.5,-7.1,-79.9
1881,1,AUTO,STRAIGHT(NO_CTRL),413,207,-12,8,-12.5,-7.1,-79.9
1899,1,AUTO,STRAIGHT(NO_CTRL),413,207,-12,8,-12.5,-7.1,-79.9
1914,1,AUTO,STRAIGHT(NO_CTRL),412,208,-13,9,-13.6,-8.1,-77.9
1933,1,AUTO,STRAIGHT(NO_CTRL),412,208,-13,9,-13.6,-8.1,-77.9
1947,1,AUTO,STRAIGHT(NO_CTRL),412,208,-13,9,-13.6,-8.1,-77.9
1965,1,AUTO,STRAIGHT(NO_CTRL),412,208,-13,9,-13.6,-8.1,-77.9
1981,1,AUTO,STRAIGHT(NO_CTRL),412,208,-13,9,-13.6,-8.1,-77.9
1999,1,AUTO,STRAIGHT(NO_CTRL),412,208,-13,9,-13.6,-8.1,-77.9
2015,1,AUTO,STRAIGHT(NO_CTRL),412,208,-13,9,-13.6,-8.1,-77.9
2036,1,AUTO,STRAIGHT(NO_CTRL),412,208,-13,9,-13.6,-8.1,-77.9
2060,1,AUTO,STRAIGHT(NO_CTRL),412,208,-13,9,-13.6,-8.1,-77.9
2077,1,AUTO,STRAIGHT(NO_CTRL),412,208,-13,9,-13.6,-8.1,-77.9
2092,1,AUTO,STRAIGHT(NO_CTRL),412,208,-13,9,-13.6,-8.1,-77.9
2108,1,AUTO,STRAIGHT(NO_CTRL),412,208,-13,9,-13.6,-8.1,-77.9
2124,1,AUTO,STRAIGHT(NO_CTRL),411,208,-14,9,-14.6,-8,-77.9
2139,1,AUTO,STRAIGHT(NO_CTRL),411,208,-14,9,-14.6,-8,-77.9
2154,1,AUTO,STRAIGHT(NO_CTRL),411,208,-14,9,-14.6,-8,-77.9
2170,1,AUTO,STRAIGHT(NO_CTRL),411,208,-14,9,-14.6,-8,-77.9
2186,1,AUTO,STRAIGHT(NO_CTRL),410,208,-15,9,-15.6,-7.9,-75.5
2200,1,AUTO,STRAIGHT(NO_CTRL),410,208,-15,9,-15.6,-7.9,-75.5
2215,1,AUTO,STRAIGHT(NO_CTRL),410,208,-15,9,-15.6,-7.9,-75.5
2232,1,AUTO,STRAIGHT(NO_CTRL),410,208,-15,9,-15.6,-7.9,-75.5
2247,1,AUTO,STRAIGHT(NO_CTRL),409,208,-16,9,-16.6,-7.8,-75.5
2264,1,AUTO,STRAIGHT(NO_CTRL),409,208,-16,9,-16.6,-7.8,-75.5
2281,1,AUTO,STRAIGHT(NO_CTRL),409,208,-16,9,-16.6,-7.8,-75.5
2313,1,AUTO,STRAIGHT(NO_CTRL),409,208,-16,9,-16.6,-7.8,-75.5
2329,1,AUTO,STRAIGHT(NO_CTRL),408,209,-17,10,-17.7,-8.8,-74.1
2344,1,AUTO,STRAIGHT(NO_CTRL),408,209,-17,10,-17.7,-8.8,-74.1
2360,1,AUTO,STRAIGHT(NO_CTRL),408,209,-17,10,-17.7,-8.8,-74.1
2376,1,AUTO,STRAIGHT(NO_CTRL),408,209,-17,10,-17.7,-8.8,-73.5
2391,1,AUTO,STRAIGHT(NO_CTRL),408,209,-17,10,-17.7,-8.8,-73.5
2406,1,AUTO,STRAIGHT(NO_CTRL),408,209,-17,10,-17.7,-8.8,-73.5
2422,1,AUTO,STRAIGHT(NO_CTRL),408,209,-17,10,-17.7,-8.8,-73.5
2438,1,AUTO,STRAIGHT(NO_CTRL),408,209,-17,10,-17.7,-8.8,-73.5
2454,1,AUTO,STRAIGHT(NO_CTRL),407,209,-18,10,-18.7,-8.7,-73.5
2470,1,AUTO,STRAIGHT(NO_CTRL),407,209,-18,10,-18.7,-8.7,-73.5
2485,1,AUTO,STRAIGHT(NO_CTRL),407,209,-18,10,-18.7,-8.7,-73.5
2503,1,AUTO,STRAIGHT(NO_CTRL),407,209,-18,10,-18.7,-8.7,-73.5
2530,1,AUTO,STRAIGHT(NO_CTRL),408,210,-17,11,-17.7,-9.8,-77.9
2547,1,AUTO,STRAIGHT(NO_CTRL),408,210,-17,11,-17.7,-9.8,-77.9
2561,1,AUTO,STRAIGHT(NO_CTRL),408,210,-17,11,-17.7,-9.8,-77.9
2576,1,AUTO,STRAIGHT(NO_CTRL),408,210,-17,11,-17.7,-9.8,-77.9
2591,1,AUTO,STRAIGHT(NO_CTRL),405,211,-20,12,-20.8,-10.5,-72.2
2606,1,AUTO,STRAIGHT(NO_CTRL),405,211,-20,12,-20.8,-10.5,-72.2
2621,1,AUTO,STRAIGHT(NO_CTRL),405,211,-20,12,-20.8,-10.5,-72.2
2636,1,AUTO,STRAIGHT(NO_CTRL),405,211,-20,12,-20.8,-10.5,-72.2
2652,1,AUTO,STRAIGHT(NO_CTRL),405,210,-20,11,-20.7,-9.5,-71.6
2667,1,AUTO,STRAIGHT(NO_CTRL),405,210,-20,11,-20.7,-9.5,-71.6
2682,1,AUTO,STRAIGHT(NO_CTRL),405,210,-20,11,-20.7,-9.5,-71.6
2699,1,AUTO,STRAIGHT(NO_CTRL),405,210,-20,11,-20.7,-9.5,-71.6
2714,1,AUTO,STRAIGHT(NO_CTRL),404,211,-21,12,-21.8,-10.5,-72.2
2731,1,AUTO,STRAIGHT(NO_CTRL),404,211,-21,12,-21.8,-10.5,-72.2
2747,1,AUTO,STRAIGHT(NO_CTRL),404,211,-21,12,-21.8,-10.5,-72.2
2765,1,AUTO,STRAIGHT(NO_CTRL),404,211,-21,12,-21.8,-10.5,-72.2
2781,1,AUTO,STRAIGHT(NO_CTRL),404,211,-21,12,-21.8,-10.5,-71.6
2798,1,AUTO,STRAIGHT(NO_CTRL),404,211,-21,12,-21.8,-10.5,-71.6
2813,1,AUTO,STRAIGHT(NO_CTRL),404,211,-21,12,-21.8,-10.5,-71.6
2832,1,AUTO,STRAIGHT(NO_CTRL),404,211,-21,12,-21.8,-10.5,-71.6
2848,1,AUTO,STRAIGHT(NO_CTRL),404,211,-21,12,-21.8,-10.5,-71.6
2880,1,AUTO,STRAIGHT(NO_CTRL),403,212,-22,13,-22.9,-11.4,-70.3
2896,1,AUTO,STRAIGHT(NO_CTRL),403,212,-22,13,-22.9,-11.4,-70.3
2911,1,AUTO,STRAIGHT(NO_CTRL),403,212,-22,13,-22.9,-11.4,-70.3
2927,1,AUTO,STRAIGHT(NO_CTRL),403,212,-22,13,-22.9,-11.4,-71.6
2942,1,AUTO,STRAIGHT(NO_CTRL),403,212,-22,13,-22.9,-11.4,-71.6
2958,1,AUTO,STRAIGHT(NO_CTRL),403,212,-22,13,-22.9,-11.4,-71.6
2977,1,AUTO,STRAIGHT(NO_CTRL),403,212,-22,13,-22.9,-11.4,-71.6
3005,1,AUTO,STRAIGHT(NO_CTRL),402,212,-23,13,-23.9,-11.3,-69.7
3023,1,AUTO,STRAIGHT(NO_CTRL),402,212,-23,13,-23.9,-11.3,-69.7
3038,1,AUTO,STRAIGHT(NO_CTRL),402,212,-23,13,-23.9,-11.3,-69.7
3054,1,AUTO,STRAIGHT(NO_CTRL),401,213,-24,14,-24.9,-12.3,-69.7
3069,1,AUTO,STRAIGHT(NO_CTRL),401,213,-24,14,-24.9,-12.3,-69.7
3083,1,AUTO,STRAIGHT(NO_CTRL),401,213,-24,14,-24.9,-12.3,-69.7
3099,1,AUTO,STRAIGHT(NO_CTRL),401,213,-24,14,-24.9,-12.3,-69.7
3115,1,AUTO,STRAIGHT(NO_CTRL),400,213,-25,14,-25.9,-12.2,-67.8
3131,1,AUTO,STRAIGHT(NO_CTRL),400,213,-25,14,-25.9,-12.2,-67.8
3149,1,AUTO,STRAIGHT(NO_CTRL),400,213,-25,14,-25.9,-12.2,-67.8
3164,1,AUTO,STRAIGHT(NO_CTRL),400,213,-25,14,-25.9,-12.2,-67.8
3182,1,AUTO,STRAIGHT(NO_CTRL),400,213,-25,14,-25.9,-12.2,-69
3198,1,AUTO,STRAIGHT(NO_CTRL),400,213,-25,14,-25.9,-12.2,-69
3215,1,AUTO,STRAIGHT(NO_CTRL),400,213,-25,14,-25.9,-12.2,-69
3230,1,AUTO,STRAIGHT(NO_CTRL),400,213,-25,14,-25.9,-12.2,-69
3248,1,AUTO,STRAIGHT(NO_CTRL),400,213,-25,14,-25.9,-12.2,-69
3265,1,AUTO,STRAIGHT(NO_CTRL),399,213,-26,14,-26.9,-12.1,-67.1
3282,1,AUTO,STRAIGHT(NO_CTRL),399,213,-26,14,-26.9,-12.1,-67.1
3297,1,AUTO,STRAIGHT(NO_CTRL),399,213,-26,14,-26.9,-12.1,-67.1
3315,1,AUTO,STRAIGHT(NO_CTRL),398,214,-27,15,-28,-13,-67.8
3331,1,AUTO,STRAIGHT(NO_CTRL),398,214,-27,15,-28,-13,-67.8
3349,1,AUTO,STRAIGHT(NO_CTRL),398,214,-27,15,-28,-13,-67.8
3365,1,AUTO,STRAIGHT(NO_CTRL),398,214,-27,15,-28,-13,-67.8
3382,1,AUTO,STRAIGHT(NO_CTRL),399,214,-26,15,-27,-13.1,-69
3398,1,AUTO,STRAIGHT(NO_CTRL),399,214,-26,15,-27,-13.1,-69
3415,1,AUTO,STRAIGHT(NO_CTRL),399,214,-26,15,-27,-13.1,-69
3433,1,AUTO,STRAIGHT(NO_CTRL),399,214,-26,15,-27,-13.1,-69
3450,1,AUTO,STRAIGHT(NO_CTRL),397,214,-28,15,-29,-13,-65.2
3473,1,AUTO,STRAIGHT(NO_CTRL),397,214,-28,15,-29,-13,-65.2
3492,1,AUTO,STRAIGHT(NO_CTRL),397,214,-28,15,-29,-13,-65.2
3507,1,AUTO,STRAIGHT(NO_CTRL),397,215,-28,16,-29.1,-14,-66
3522,1,AUTO,STRAIGHT(NO_CTRL),397,215,-28,16,-29.1,-14,-66
3537,1,AUTO,STRAIGHT(NO_CTRL),397,215,-28,16,-29.1,-14,-66
3552,1,AUTO,STRAIGHT(NO_CTRL),397,215,-28,16,-29.1,-14,-66
3570,1,AUTO,STRAIGHT(NO_CTRL),397,215,-28,16,-29.1,-14,-66
3586,1,AUTO,STRAIGHT(NO_CTRL),396,215,-29,16,-30.1,-13.9,-65.2
3601,1,AUTO,STRAIGHT(NO_CTRL),396,215,-29,16,-30.1,-13.9,-65.2
3616,1,AUTO,STRAIGHT(NO_CTRL),396,215,-29,16,-30.1,-13.9,-65.2
3631,1,AUTO,STRAIGHT(NO_CTRL),396,215,-29,16,-30.1,-13.9,-65.2
3648,1,AUTO,STRAIGHT(NO_CTRL),396,215,-29,16,-30.1,-13.9,-65.2
3665,1,AUTO,STRAIGHT(NO_CTRL),396,216,-29,17,-30.1,-14.9,-65.2
3680,1,AUTO,STRAIGHT(NO_CTRL),396,216,-29,17,-30.1,-14.9,-65.2
3699,1,AUTO,STRAIGHT(NO_CTRL),396,216,-29,17,-30.1,-14.9,-65.2
3715,1,AUTO,STRAIGHT(NO_CTRL),395,216,-30,17,-31.1,-14.8,-65.2
3732,1,AUTO,STRAIGHT(NO_CTRL),395,216,-30,17,-31.1,-14.8,-65.2
3749,1,AUTO,STRAIGHT(NO_CTRL),395,216,-30,17,-31.1,-14.8,-65.2
3765,1,AUTO,STRAIGHT(NO_CTRL),395,216,-30,17,-31.1,-14.8,-65.2
3783,1,AUTO,STRAIGHT(NO_CTRL),395,216,-30,17,-31.1,-14.8,-65.2
3798,1,AUTO,STRAIGHT(NO_CTRL),395,216,-30,17,-31.1,-14.8,-65.2
3815,1,AUTO,STRAIGHT(NO_CTRL),395,216,-30,17,-31.1,-14.8,-65.2
3832,1,AUTO,STRAIGHT(NO_CTRL),395,216,-30,17,-31.1,-14.8,-65.2
3848,1,AUTO,STRAIGHT(NO_CTRL),394,216,-31,17,-32.1,-14.7,-63.4
3865,1,AUTO,STRAIGHT(NO_CTRL),394,216,-31,17,-32.1,-14.7,-63.4
3881,1,AUTO,STRAIGHT(NO_CTRL),394,216,-31,17,-32.1,-14.7,-63.4
3899,1,AUTO,STRAIGHT(NO_CTRL),394,216,-31,17,-32.1,-14.7,-63.4
3919,1,AUTO,STRAIGHT(NO_CTRL),392,216,-33,17,-34.1,-14.6,-60.8
3944,1,AUTO,STRAIGHT(NO_CTRL),392,216,-33,17,-34.1,-14.6,-60.8
3959,1,AUTO,STRAIGHT(NO_CTRL),392,216,-33,17,-34.1,-14.6,-60.8
3976,1,AUTO,STRAIGHT(NO_CTRL),392,216,-33,17,-34.1,-14.6,-62.5
3991,1,AUTO,STRAIGHT(NO_CTRL),392,216,-33,17,-34.1,-14.6,-62.5
